스타일,ETF Ticker
가치주 (Value),RPV
가치주 (Value),VOE
가치주 (Value),VBR
가치주 (Value),IWD
가치주 (Value),IWS
가치주 (Value),IWN
가치주 (Value),IWX
가치주 (Value),IUSV
가치주 (Value),DTH
가치주 (Value),EFV
가치주 (Value),FDL
가치주 (Value),FTA
가치주 (Value),DON
가치주 (Value),PID
가치주 (Value),PFM
가치주 (Value),PXF
가치주 (Value),PWV
성장주 (Growth),RPG
성장주 (Growth),VUG
성장주 (Growth),VBK
성장주 (Growth),IVW
성장주 (Growth),IWO
성장주 (Growth),IWP
성장주 (Growth),IUSG
성장주 (Growth),SCHG
성장주 (Growth),SPYG
성장주 (Growth),EPS
성장주 (Growth),FAD
성장주 (Growth),FTC
성장주 (Growth),FTCS
고배당 (High Dividend),VYM
고배당 (High Dividend),SDY
고배당 (High Dividend),DHS
고배당 (High Dividend),DVY
고배당 (High Dividend),PEY
고배당 (High Dividend),PID
고배당 (High Dividend),PFM
고배당 (High Dividend),FDL
고배당 (High Dividend),FVD
고배당 (High Dividend),DEW
소형주 (Small Cap),VBK
소형주 (Small Cap),VBR
소형주 (Small Cap),IJS
소형주 (Small Cap),IWN
소형주 (Small Cap),IWO
소형주 (Small Cap),PRFZ
소형주 (Small Cap),RZV
소형주 (Small Cap),RZG
소형주 (Small Cap),FYX
소형주 (Small Cap),DFE
소형주 (Small Cap),DLS
소형주 (Small Cap),DON
소형주 (Small Cap),DWX
중형주 (Mid Cap),VOE
중형주 (Mid Cap),VOT
중형주 (Mid Cap),MDYV
중형주 (Mid Cap),MDYG
중형주 (Mid Cap),IJK
중형주 (Mid Cap),IJH
중형주 (Mid Cap),IJT
중형주 (Mid Cap),FNX
중형주 (Mid Cap),RWK
중형주 (Mid Cap),RFG
중형주 (Mid Cap),RFV
대형주 (Large Cap),SPHQ
대형주 (Large Cap),IVW
대형주 (Large Cap),IWD
대형주 (Large Cap),IWF
대형주 (Large Cap),DLN
대형주 (Large Cap),DTD
대형주 (Large Cap),EPS
대형주 (Large Cap),FEX
대형주 (Large Cap),PWV
모멘텀 (Momentum),PDP
모멘텀 (Momentum),RPG
퀄리티 (Quality),SPHQ
스마트 베타,RSP
스마트 베타,RFG
스마트 베타,FEX
스마트 베타,FTA
스마트 베타,FVD
스마트 베타,PRN
스마트 베타,PTH
스마트 베타,PWB
스마트 베타,PUI
